OrderID,CustomerID,ProductID,Quantity,Price,OrderDate
O00001,C0066,P0042,13,194.3,2021-01-12 15:57:26
O00002,C0058,P0050,14,253.92,2022-05-04 06:23:35
O00003,C0028,P0027,12,49.93,2020-02-17 23:00:30
O00004,C0078,P0022,14,102.03,2020-02-24 03:50:25
O00005,C0003,P0001,5,182.74,2022-04-16 15:35:10
O00006,C0028,P0043,15,40.65,2022-02-16 17:17:51
O00007,C0055,P0037,6,275.53,2021-08-28 20:12:28
O00008,C0065,P0004,1,432.81,2020-07-17 01:02:07
O00009,C0082,P0049,19,327.43,2023-03-15 15:28:43
O00010,C0088,P0035,14,91.58,2021-12-24 02:01:20
O00011,C0085,P0028,1,426.59,2022-03-18 22:41:19
O00012,C0018,P0041,9,450.5,2023-02-03 22:03:14
O00013,C0039,P0024,12,167.86,2023-11-19 11:09:52
O00014,C0065,P0024,14,234.02,2022-12-18 13:30:13
O00015,C0010,P0028,9,405.17,2023-06-25 14:59:36
O00016,C0077,P0034,19,491.32,2021-05-01 21:12:16
O00017,C0050,P0010,5,136.99,2023-03-22 19:11:53
O00018,C0063,P0010,12,472.58,2023-08-04 01:39:02
O00019,C0035,P0003,12,376.03,2023-03-07 03:57:17
O00020,C0058,P0048,16,259.68,2020-07-06 07:53:43
O00021,C0094,P0027,6,383.23,2021-08-18 08:48:37
O00022,C0099,P0007,3,164.06,2020-02-28 01:27:01
O00023,C0094,P0016,16,220.53,2022-12-30 20:20:17
O00024,C0096,P0016,5,197.93,2021-11-03 15:55:38
O00025,C0065,P0044,17,388.1,2020-04-22 04:42:29
O00026,C0021,P0002,11,296.79,2022-05-28 07:28:16
O00027,C0006,P0006,18,478.93,2020-12-28 20:43:32
O00028,C0009,P0047,11,398.92,2023-01-17 12:44:51
O00029,C0062,P0043,10,351.87,2021-08-04 09:19:56
O00030,C0058,P0027,10,231.62,2022-07-18 16:33:06
O00031,C0093,P0050,17,57.37,2023-03-05 23:17:45
O00032,C0049,P0047,2,72.81,2020-10-21 23:00:06
O00033,C0054,P0043,8,38.34,2023-06-10 05:36:06
O00034,C0058,P0004,8,192.45,2020-10-21 15:50:12
O00035,C0085,P0029,12,9.34,2022-08-29 19:55:44
O00036,C0044,P0042,2,120.49,2023-05-01 07:20:28
O00037,C0087,P0001,6,21.25,2023-11-21 23:39:48
O00038,C0082,P0027,3,17.35,2021-04-22 05:00:31
O00039,C0078,P0037,17,463.44,2020-11-14 09:51:13
O00040,C0001,P0012,6,68.36,2022-10-25 02:39:30
O00041,C0087,P0017,16,129.93,2022-08-13 13:36:46
O00042,C0018,P0045,17,129.49,2023-05-22 14:32:48
O00043,C0076,P0013,12,439.62,2020-06-05 10:29:45
O00044,C0096,P0030,12,202.56,2020-12-14 23:38:57
O00045,C0091,P0005,5,378.97,2021-02-21 18:10:14
O00046,C0087,P0014,9,445.12,2021-10-17 03:27:56
O00047,C0053,P0026,4,50.15,2020-02-01 02:10:09
O00048,C0051,P0047,4,313.91,2023-10-25 20:11:53
O00049,C0073,P0041,3,407.7,2021-04-02 20:57:11
O00050,C0056,P0045,12,256.75,2020-03-05 06:25:18
O00051,C0072,P0006,9,382.32,2023-10-20 04:42:53
O00052,C0093,P0022,17,96.02,2021-02-19 21:38:02
O00053,C0063,P0020,5,34.01,2023-06-24 05:31:55
O00054,C0058,P0003,9,51.86,2021-11-20 22:27:34
O00055,C0032,P0012,1,310.16,2022-04-29 17:17:22
O00056,C0044,P0046,11,355.52,2023-10-15 07:16:44
O00057,C0055,P0038,12,149.01,2022-01-13 22:23:07
O00058,C0042,P0004,19,109.23,2023-08-24 11:33:48
O00059,C0011,P0007,5,383.42,2023-03-16 21:18:12
O00060,C0029,P0010,4,377.02,2021-09-11 06:07:08
O00061,C0094,P0004,18,10.02,2022-10-28 21:26:24
O00062,C0040,P0017,10,47.18,2021-04-18 05:29:05
O00063,C0033,P0024,18,11.33,2023-03-19 03:54:08
O00064,C0040,P0042,13,150.2,2021-03-22 06:28:46
O00065,C0090,P0045,1,180.96,2023-01-22 12:19:58
O00066,C0078,P0026,2,287.25,2020-02-04 21:08:10
O00067,C0044,P0026,18,260.62,2021-11-10 12:00:04
O00068,C0006,P0029,16,120.13,2020-02-23 13:59:04
O00069,C0006,P0020,17,62.94,2020-08-27 00:10:07
O00070,C0004,P0037,3,225.51,2022-10-07 02:34:05
O00071,C0060,P0007,16,55.31,2021-10-11 18:51:20
O00072,C0061,P0022,7,499.58,2021-11-14 11:55:08
O00073,C0007,P0005,4,131.92,2022-03-29 12:22:27
O00074,C0054,P0032,15,380.63,2023-07-19 04:35:50
O00075,C0030,P0043,2,49.85,2022-08-02 06:51:53
O00076,C0059,P0027,19,140.44,2020-03-05 09:20:10
O00077,C0034,P0050,4,307.27,2022-09-26 19:02:53
O00078,C0020,P0002,6,483.83,2020-06-20 02:21:28
O00079,C0013,P0039,18,373.18,2021-03-22 05:03:49
O00080,C0026,P0049,10,150.39,2020-08-26 01:17:14
O00081,C0093,P0009,2,71.89,2022-07-19 21:44:16
O00082,C0089,P0030,18,444.02,2021-04-07 09:57:19
O00083,C0057,P0049,17,402.2,2022-09-22 05:49:24
O00084,C0074,P0007,7,316.51,2023-06-26 07:03:58
O00085,C0049,P0016,2,79.97,2022-08-08 16:28:26
O00086,C0093,P0030,4,383.18,2023-07-12 06:06:37
O00087,C0011,P0011,13,36.98,2020-12-28 01:48:57
O00088,C0008,P0009,15,443.79,2022-01-19 00:29:20
O00089,C0021,P0039,14,470.44,2022-10-26 18:32:26
O00090,C0039,P0010,17,158.93,2021-07-10 19:00:57
O00091,C0010,P0003,17,298.65,2021-07-31 17:42:08
O00092,C0004,P0029,1,257.88,2020-12-09 13:18:38
O00093,C0099,P0031,16,53.09,2020-09-22 02:13:27
O00094,C0013,P0023,17,64.04,2020-06-27 12:10:59
O00095,C0054,P0031,1,294.12,2022-10-16 18:29:53
O00096,C0034,P0020,18,211.36,2023-09-22 20:51:31
O00097,C0036,P0039,3,358.18,2023-01-24 09:26:14
O00098,C0025,P0011,2,496.27,2020-04-26 02:00:49
O00099,C0071,P0041,5,257.54,2023-03-25 21:58:05
O00100,C0070,P0050,14,18.39,2023-11-27 22:08:02
O00101,C0099,P0002,1,93.98,2022-05-20 01:10:07
O00102,C0006,P0005,2,233.16,2020-02-18 11:21:27
O00103,C0031,P0015,6,62.82,2021-07-26 01:48:32
O00104,C0018,P0020,17,279.88,2022-10-30 01:40:00
O00105,C0068,P0030,19,107.58,2023-06-15 05:20:41
O00106,C0014,P0030,7,344.26,2022-10-28 16:48:09
O00107,C0056,P0001,13,110.46,2020-12-31 07:29:39
O00108,C0091,P0020,4,208.47,2022-08-09 22:32:24
O00109,C0094,P0012,11,270.09,2020-02-04 17:38:59
O00110,C0074,P0038,4,295.0,2022-06-01 01:34:52
O00111,C0095,P0015,4,86.09,2021-09-17 06:15:30
O00112,C0050,P0027,5,358.26,2022-06-18 21:26:22
O00113,C0030,P0047,4,211.17,2023-12-14 04:39:19
O00114,C0056,P0049,15,372.14,2022-02-17 05:55:31
O00115,C0028,P0039,12,35.4,2020-12-20 07:56:35
O00116,C0008,P0049,1,160.02,2020-10-02 03:22:01
O00117,C0011,P0010,14,231.81,2023-08-25 15:46:04
O00118,C0035,P0045,4,74.01,2023-11-04 13:39:38
O00119,C0059,P0024,5,315.98,2022-07-20 12:10:05
O00120,C0005,P0018,5,11.65,2023-04-06 10:42:56
O00121,C0097,P0046,17,431.77,2021-12-15 16:44:12
O00122,C0085,P0015,6,50.08,2021-08-10 00:01:01
O00123,C0039,P0022,8,108.51,2023-11-16 06:47:39
O00124,C0001,P0024,19,126.66,2021-04-17 06:11:05
O00125,C0066,P0025,18,157.08,2023-03-30 08:17:09
O00126,C0056,P0014,4,482.88,2020-06-05 23:32:04
O00127,C0023,P0010,10,164.99,2023-02-01 19:30:21
O00128,C0078,P0016,10,235.43,2023-06-17 02:38:40
O00129,C0067,P0006,6,85.95,2020-01-06 15:35:54
O00130,C0016,P0010,2,183.42,2020-04-17 08:03:34
O00131,C0059,P0030,7,129.55,2020-01-13 21:48:26
O00132,C0074,P0014,15,60.51,2021-08-06 08:45:17
O00133,C0097,P0026,1,190.59,2022-10-26 15:58:14
O00134,C0085,P0015,3,118.85,2022-02-28 00:51:02
O00135,C0078,P0012,16,356.08,2023-08-30 19:15:33
O00136,C0008,P0034,16,194.49,2021-05-16 22:20:52
O00137,C0040,P0006,14,431.92,2022-03-30 14:40:10
O00138,C0003,P0006,6,248.97,2021-10-19 04:59:10
O00139,C0061,P0010,2,263.22,2023-03-29 14:56:50
O00140,C0077,P0001,5,276.5,2023-04-16 18:16:59
O00141,C0028,P0037,4,339.95,2022-06-09 03:55:03
O00142,C0004,P0040,8,419.22,2023-03-07 19:16:10
O00143,C0064,P0017,13,260.92,2020-06-10 08:39:27
O00144,C0051,P0012,6,40.19,2022-09-20 04:35:13
O00145,C0018,P0021,17,301.21,2023-01-11 10:31:13
O00146,C0036,P0038,10,369.79,2023-03-21 17:43:35
O00147,C0049,P0010,1,400.18,2021-04-20 12:30:38
O00148,C0054,P0026,6,239.43,2020-08-30 14:25:28
O00149,C0009,P0034,4,81.54,2020-07-01 00:49:52
O00150,C0096,P0048,16,464.02,2023-06-12 01:08:08
O00151,C0027,P0042,14,361.58,2022-02-14 03:05:46
O00152,C0036,P0030,8,487.98,2020-04-05 12:08:33
O00153,C0070,P0029,4,195.2,2021-03-06 10:01:20
O00154,C0097,P0008,1,91.15,2023-11-13 13:44:18
O00155,C0012,P0003,11,99.89,2021-05-14 00:49:38
O00156,C0012,P0010,19,226.2,2022-09-02 15:14:32
O00157,C0022,P0011,13,71.23,2020-05-05 20:48:59
O00158,C0054,P0031,12,195.53,2022-12-20 21:39:40
O00159,C0017,P0018,11,98.95,2021-08-20 14:20:54
O00160,C0067,P0018,19,130.41,2022-03-29 06:44:53
O00161,C0012,P0016,13,68.95,2021-03-23 15:19:11
O00162,C0070,P0039,6,146.86,2020-10-31 03:37:06
O00163,C0042,P0046,3,469.44,2022-09-08 04:59:22
O00164,C0073,P0012,1,299.39,2020-01-09 15:11:28
O00165,C0079,P0029,17,386.41,2022-03-16 08:38:47
O00166,C0051,P0010,18,73.98,2020-07-22 05:56:12
O00167,C0057,P0014,9,390.24,2022-06-28 02:15:49
O00168,C0005,P0014,5,187.87,2021-11-04 07:30:04
O00169,C0081,P0045,9,94.78,2023-06-06 10:56:41
O00170,C0019,P0037,4,280.8,2021-04-02 12:23:33
O00171,C0072,P0015,7,272.78,2023-08-05 01:01:10
O00172,C0075,P0001,12,80.58,2023-03-25 07:05:14
O00173,C0020,P0048,5,247.21,2020-03-15 15:53:45
O00174,C0058,P0021,17,445.78,2022-08-25 08:22:08
O00175,C0070,P0046,19,214.17,2022-07-15 03:33:36
O00176,C0017,P0017,15,491.87,2022-08-25 18:46:52
O00177,C0038,P0007,17,470.2,2022-09-17 18:17:18
O00178,C0083,P0027,10,308.37,2021-05-02 00:22:16
O00179,C0060,P0040,10,300.06,2020-09-18 01:08:50
O00180,C0022,P0010,12,76.38,2020-12-16 14:02:58
O00181,C0044,P0008,1,149.45,2021-01-02 04:35:36
O00182,C0010,P0016,19,298.32,2022-07-17 18:18:28
O00183,C0001,P0034,12,289.05,2022-03-20 15:17:07
O00184,C0078,P0008,8,496.01,2020-03-08 07:57:57
O00185,C0093,P0016,4,44.43,2020-03-26 01:50:35
O00186,C0045,P0045,16,104.56,2021-02-23 10:29:04
O00187,C0068,P0016,17,232.87,2023-11-16 00:28:09
O00188,C0005,P0004,2,451.05,2022-11-28 03:48:40
O00189,C0078,P0017,11,62.22,2021-09-29 21:58:30
O00190,C0052,P0029,17,273.24,2021-11-06 15:41:54
O00191,C0076,P0022,14,469.72,2022-11-30 04:05:57
O00192,C0060,P0026,6,44.99,2022-03-10 15:54:16
O00193,C0029,P0036,16,112.48,2023-06-02 20:01:53
O00194,C0083,P0007,8,359.99,2021-04-15 03:48:50
O00195,C0058,P0016,6,208.89,2022-08-09 19:52:02
O00196,C0040,P0023,3,217.3,2022-07-01 09:27:36
O00197,C0026,P0012,3,312.98,2022-05-12 22:36:09
O00198,C0039,P0010,17,362.82,2020-05-25 11:23:35
O00199,C0096,P0028,19,184.33,2021-04-28 07:22:58
O00200,C0056,P0030,16,399.18,2023-09-10 03:57:21
O00201,C0017,P0036,11,47.49,2023-03-23 22:43:12
O00202,C0092,P0026,7,287.66,2020-07-08 05:11:19
O00203,C0034,P0006,3,320.7,2020-11-25 21:00:49
O00204,C0087,P0024,14,47.67,2023-05-05 17:52:02
O00205,C0050,P0003,16,220.97,2020-04-24 01:06:29
O00206,C0087,P0049,13,153.02,2021-01-17 22:59:02
O00207,C0074,P0026,1,126.85,2022-08-24 12:03:16
O00208,C0021,P0030,1,429.97,2021-10-10 22:15:25
O00209,C0088,P0008,4,162.46,2023-08-14 23:40:15
O00210,C0057,P0036,3,55.49,2022-05-08 11:07:13
O00211,C0046,P0005,19,146.29,2022-07-09 11:46:32
O00212,C0090,P0015,13,57.45,2023-09-03 23:19:34
O00213,C0042,P0038,10,300.05,2021-01-01 07:34:55
O00214,C0011,P0043,16,115.72,2022-08-23 13:27:39
O00215,C0006,P0008,2,156.68,2023-08-30 16:48:03
O00216,C0078,P0012,6,146.16,2023-03-26 06:57:48
O00217,C0049,P0016,18,223.83,2023-01-24 11:15:27
O00218,C0043,P0031,16,462.8,2022-03-18 20:05:41
O00219,C0001,P0002,19,116.21,2020-03-13 03:06:48
O00220,C0018,P0029,19,398.69,2023-01-30 11:30:17
O00221,C0055,P0020,3,6.61,2021-08-20 13:45:30
O00222,C0052,P0031,8,301.42,2021-10-18 13:17:45
O00223,C0072,P0013,18,480.8,2021-02-17 22:11:50
O00224,C0004,P0049,12,188.07,2020-01-13 11:00:04
O00225,C0081,P0049,1,103.74,2021-11-17 04:06:07
O00226,C0084,P0040,18,31.5,2020-04-02 00:37:36
O00227,C0054,P0014,8,353.54,2022-11-21 15:15:44
O00228,C0074,P0014,17,99.09,2023-08-08 19:53:55
O00229,C0082,P0025,5,445.4,2020-02-17 23:15:24
O00230,C0011,P0019,15,210.34,2020-12-20 02:13:24
O00231,C0075,P0021,11,364.51,2022-04-10 08:06:53
O00232,C0027,P0019,2,326.03,2021-03-30 14:42:06
O00233,C0076,P0023,15,178.27,2022-06-02 01:07:44
O00234,C0012,P0031,18,349.61,2020-07-30 12:57:28
O00235,C0079,P0007,13,17.65,2022-10-31 06:54:46
O00236,C0010,P0023,11,247.61,2021-12-18 10:26:16
O00237,C0014,P0022,17,223.8,2022-12-11 00:49:21
O00238,C0044,P0045,11,314.58,2021-11-08 05:05:44
O00239,C0060,P0041,10,385.5,2022-01-31 00:23:37
O00240,C0042,P0017,2,277.64,2020-07-12 03:55:36
O00241,C0054,P0050,2,179.02,2023-08-11 22:29:31
O00242,C0026,P0007,12,405.98,2021-06-01 06:00:24
O00243,C0035,P0039,4,99.15,2023-04-27 06:07:11
O00244,C0062,P0019,3,273.77,2022-05-04 01:25:41
O00245,C0018,P0008,8,359.05,2023-07-04 01:56:29
O00246,C0053,P0004,19,160.98,2022-10-20 01:08:42
O00247,C0014,P0036,13,382.8,2021-10-30 05:44:32
O00248,C0063,P0041,1,225.1,2023-02-15 21:21:49
O00249,C0070,P0050,14,18.8,2022-06-28 03:24:30
O00250,C0002,P0004,14,191.66,2020-03-15 06:00:43
O00251,C0032,P0016,4,472.3,2021-08-22 02:43:10
O00252,C0004,P0017,17,480.9,2023-08-15 12:03:21
O00253,C0096,P0029,4,173.94,2020-01-04 20:30:54
O00254,C0040,P0029,6,363.52,2023-12-03 05:44:13
O00255,C0074,P0039,8,311.19,2023-03-01 00:18:32
O00256,C0030,P0037,11,174.62,2020-07-23 05:50:08
O00257,C0013,P0017,7,85.13,2020-10-17 09:16:21
O00258,C0093,P0024,4,426.7,2023-08-09 03:01:05
O00259,C0026,P0049,4,459.51,2020-11-18 22:29:53
O00260,C0093,P0020,5,61.17,2023-03-01 21:13:19
O00261,C0021,P0003,8,79.1,2022-03-22 22:39:10
O00262,C0024,P0040,1,100.89,2023-09-05 16:27:57
O00263,C0030,P0027,6,478.6,2022-01-21 18:00:08
O00264,C0003,P0025,2,448.03,2023-02-01 09:37:26
O00265,C0073,P0017,18,302.82,2023-02-09 02:32:44
O00266,C0020,P0002,19,256.18,2021-08-24 19:17:08
O00267,C0042,P0034,13,208.63,2020-09-15 12:27:54
O00268,C0012,P0027,12,154.36,2020-01-11 21:46:50
O00269,C0089,P0025,5,257.44,2020-11-02 03:31:49
O00270,C0052,P0007,2,235.99,2022-04-22 09:49:31
O00271,C0011,P0016,2,89.6,2021-12-28 08:58:01
O00272,C0052,P0028,5,120.57,2022-12-03 14:26:56
O00273,C0030,P0049,9,265.57,2020-04-30 18:59:59
O00274,C0073,P0003,12,201.87,2021-05-10 07:43:47
O00275,C0042,P0001,9,239.96,2023-09-09 22:15:42
O00276,C0056,P0012,7,167.95,2022-11-03 08:53:01
O00277,C0029,P0018,2,300.71,2023-02-25 19:01:43
O00278,C0092,P0029,7,489.43,2022-09-30 20:45:12
O00279,C0053,P0043,10,305.83,2023-12-11 19:25:28
O00280,C0045,P0018,7,441.43,2020-09-18 16:57:52
O00281,C0003,P0030,2,47.82,2020-10-17 06:33:50
O00282,C0032,P0012,4,66.03,2022-04-07 17:43:48
O00283,C0089,P0020,4,105.68,2020-07-29 01:22:29
O00284,C0039,P0008,17,15.04,2020-05-10 20:18:12
O00285,C0043,P0042,10,325.29,2020-10-28 11:21:19
O00286,C0013,P0033,8,456.84,2023-08-12 01:49:50
O00287,C0061,P0041,8,283.7,2023-01-19 05:34:06
O00288,C0048,P0030,8,76.98,2021-08-01 19:35:21
O00289,C0030,P0007,16,295.4,2020-07-22 10:32:00
O00290,C0042,P0006,2,76.13,2021-11-21 12:07:30
O00291,C0076,P0009,12,60.58,2023-02-19 02:10:28
O00292,C0017,P0020,9,105.64,2023-07-14 14:31:46
O00293,C0084,P0001,4,134.04,2021-03-31 01:24:11
O00294,C0089,P0001,9,188.17,2021-01-23 12:58:17
O00295,C0030,P0016,7,327.24,2022-07-11 03:17:50
O00296,C0007,P0006,5,169.85,2023-03-09 17:11:30
O00297,C0075,P0002,6,278.14,2022-06-11 15:19:41
O00298,C0093,P0012,8,440.4,2021-08-16 13:44:24
O00299,C0044,P0035,2,457.19,2020-04-05 19:22:21
O00300,C0029,P0012,13,46.79,2022-08-20 08:05:23
O00301,C0063,P0032,15,63.94,2020-06-10 19:29:06
O00302,C0053,P0001,1,214.7,2022-02-14 10:19:58
O00303,C0040,P0021,4,266.21,2022-01-24 02:03:50
O00304,C0027,P0004,8,279.83,2020-03-21 00:46:10
O00305,C0009,P0021,16,147.31,2022-07-17 18:57:25
O00306,C0049,P0040,11,463.65,2022-11-28 12:03:21
O00307,C0052,P0033,15,158.84,2023-03-27 08:36:11
O00308,C0100,P0016,3,228.86,2020-04-30 23:56:48
O00309,C0079,P0024,15,232.19,2021-07-28 10:49:21
O00310,C0006,P0046,18,462.74,2021-08-06 08:49:19
O00311,C0096,P0047,8,69.15,2022-12-03 02:57:57
O00312,C0031,P0037,6,389.32,2023-04-20 04:36:26
O00313,C0030,P0006,4,467.62,2022-01-11 02:29:36
O00314,C0071,P0015,13,137.48,2022-01-02 23:57:18
O00315,C0006,P0001,11,251.09,2021-02-05 10:57:24
O00316,C0014,P0010,4,180.32,2020-07-15 04:34:24
O00317,C0039,P0003,18,22.21,2022-04-07 11:27:33
O00318,C0061,P0038,17,384.68,2020-12-04 15:50:34
O00319,C0057,P0001,8,339.72,2022-07-24 03:47:13
O00320,C0010,P0014,9,111.83,2023-02-13 13:15:07
O00321,C0097,P0016,13,318.74,2022-04-12 06:39:13
O00322,C0026,P0002,19,359.01,2021-08-03 21:54:17
O00323,C0087,P0031,19,11.01,2021-04-14 07:19:17
O00324,C0012,P0043,8,109.55,2021-10-04 18:14:12
O00325,C0071,P0021,19,481.41,2021-11-07 03:07:25
O00326,C0047,P0029,11,11.88,2022-01-14 20:53:00
O00327,C0043,P0027,2,297.86,2020-07-24 08:15:27
O00328,C0038,P0047,1,271.86,2020-03-14 21:34:05
O00329,C0080,P0006,16,204.27,2022-03-05 03:36:06
O00330,C0034,P0046,7,176.47,2021-06-14 03:57:14
O00331,C0096,P0025,5,125.73,2023-07-07 18:11:40
O00332,C0061,P0040,13,352.71,2022-09-24 12:55:08
O00333,C0078,P0041,17,74.82,2021-06-05 04:04:07
O00334,C0034,P0015,5,267.93,2022-03-18 17:12:59
O00335,C0090,P0035,17,396.68,2023-05-06 01:24:43
O00336,C0084,P0003,17,433.09,2022-02-15 16:22:19
O00337,C0014,P0050,12,198.27,2023-03-25 06:44:30
O00338,C0096,P0037,19,113.04,2020-04-19 14:20:35
O00339,C0042,P0040,7,128.9,2022-09-21 14:36:22
O00340,C0014,P0040,19,348.97,2023-06-27 22:51:34
O00341,C0028,P0026,15,167.46,2023-08-25 19:37:17
O00342,C0036,P0020,8,468.65,2020-05-20 10:30:53
O00343,C0092,P0001,3,297.39,2023-02-07 07:56:15
O00344,C0065,P0008,19,220.9,2022-05-17 22:24:56
O00345,C0091,P0033,5,421.47,2020-09-21 11:32:59
O00346,C0080,P0047,12,40.51,2023-08-01 10:12:25
O00347,C0068,P0040,6,482.89,2022-02-15 01:33:13
O00348,C0078,P0016,13,319.67,2022-02-26 04:29:40
O00349,C0082,P0007,16,93.07,2020-04-30 02:50:06
O00350,C0011,P0047,10,369.62,2022-07-18 07:23:52
O00351,C0074,P0046,2,185.47,2022-01-03 20:25:08
O00352,C0011,P0003,14,128.69,2020-06-22 02:41:03
O00353,C0066,P0017,15,227.91,2020-01-18 07:53:15
O00354,C0051,P0006,11,498.17,2023-06-25 15:52:30
O00355,C0069,P0028,6,378.37,2022-10-15 01:29:43
O00356,C0017,P0040,3,48.14,2022-06-28 01:33:11
O00357,C0071,P0013,10,360.23,2021-11-06 15:05:51
O00358,C0047,P0042,2,478.09,2023-01-30 00:12:26
O00359,C0003,P0034,8,319.36,2021-06-19 10:29:31
O00360,C0045,P0008,18,178.19,2023-12-12 03:23:15
O00361,C0033,P0022,7,188.36,2022-07-04 06:54:42
O00362,C0018,P0047,4,104.09,2023-07-19 02:22:33
O00363,C0066,P0034,16,346.22,2023-10-05 18:39:33
O00364,C0080,P0015,5,367.11,2020-08-12 07:06:05
O00365,C0064,P0040,13,488.11,2020-03-20 09:41:20
O00366,C0034,P0033,15,316.02,2023-04-17 07:30:15
O00367,C0023,P0024,16,256.42,2022-10-10 07:55:22
O00368,C0068,P0006,1,150.53,2023-06-23 20:45:56
O00369,C0064,P0006,17,280.38,2023-03-07 00:41:29
O00370,C0094,P0031,3,100.86,2021-04-23 13:04:13
O00371,C0072,P0030,18,62.2,2021-11-24 10:33:17
O00372,C0094,P0041,4,173.5,2021-07-24 10:13:45
O00373,C0097,P0031,4,467.18,2023-07-19 18:28:34
O00374,C0038,P0025,14,436.7,2022-11-28 00:34:30
O00375,C0071,P0008,9,360.22,2022-07-07 18:15:12
O00376,C0003,P0038,16,37.45,2022-08-07 02:33:12
O00377,C0003,P0048,18,12.26,2020-05-30 08:30:53
O00378,C0033,P0023,19,11.44,2021-05-19 06:11:53
O00379,C0060,P0024,19,453.93,2021-06-22 01:15:49
O00380,C0035,P0011,9,144.45,2023-07-11 09:10:45
O00381,C0020,P0009,5,112.83,2021-04-10 13:01:39
O00382,C0049,P0034,8,311.77,2022-10-21 04:38:29
O00383,C0052,P0015,4,242.8,2023-09-21 07:33:21
O00384,C0054,P0042,6,469.51,2021-06-22 21:46:20
O00385,C0012,P0037,18,358.63,2023-05-15 05:25:37
O00386,C0057,P0002,1,107.22,2021-05-08 21:35:02
O00387,C0051,P0048,17,266.87,2022-06-09 21:34:33
O00388,C0058,P0013,7,223.25,2020-05-09 02:52:24
O00389,C0086,P0007,11,79.92,2021-12-11 23:43:10
O00390,C0042,P0021,10,155.13,2020-06-07 15:27:59
O00391,C0027,P0048,8,81.29,2022-04-10 20:45:53
O00392,C0089,P0002,3,484.05,2021-09-30 13:09:26
O00393,C0046,P0016,2,279.13,2022-11-11 06:19:36
O00394,C0028,P0019,12,301.21,2023-01-13 06:58:46
O00395,C0082,P0050,9,158.13,2020-12-29 17:17:17
O00396,C0047,P0008,7,350.86,2022-08-19 04:22:44
O00397,C0040,P0026,7,414.33,2020-04-05 19:14:11
O00398,C0072,P0009,16,342.81,2023-11-15 01:52:15
O00399,C0037,P0028,8,492.16,2023-01-22 16:39:02
O00400,C0008,P0025,3,292.01,2022-11-17 23:20:58
O00401,C0013,P0006,8,217.78,2023-03-08 01:18:55
O00402,C0007,P0047,8,107.15,2021-03-31 07:07:49
O00403,C0070,P0028,9,420.51,2023-05-27 00:10:55
O00404,C0080,P0048,14,43.73,2020-10-21 01:02:55
O00405,C0028,P0014,10,372.02,2020-04-16 02:27:57
O00406,C0094,P0044,16,89.54,2022-08-28 15:53:39
O00407,C0070,P0034,5,318.13,2023-05-12 21:15:23
O00408,C0079,P0024,13,135.22,2020-07-10 02:48:50
O00409,C0062,P0032,15,155.79,2022-12-04 11:40:31
O00410,C0025,P0013,9,463.43,2020-11-01 06:34:47
O00411,C0002,P0017,1,16.71,2021-11-24 14:00:42
O00412,C0021,P0006,6,469.35,2021-08-22 13:53:11
O00413,C0091,P0029,14,331.33,2021-04-10 07:38:07
O00414,C0009,P0045,7,135.13,2023-12-11 10:53:08
O00415,C0048,P0036,17,64.16,2022-10-01 10:14:41
O00416,C0029,P0048,10,29.5,2021-03-01 02:42:51
O00417,C0027,P0002,8,220.14,2021-12-26 10:21:21
O00418,C0083,P0024,4,249.66,2022-08-31 01:02:43
O00419,C0072,P0006,10,338.38,2020-05-01 12:47:05
O00420,C0046,P0030,12,320.53,2020-06-01 09:24:33
O00421,C0073,P0045,1,373.97,2022-10-30 02:31:45
O00422,C0078,P0034,9,471.0,2020-11-01 12:40:10
O00423,C0012,P0022,6,354.64,2022-09-10 11:46:42
O00424,C0052,P0034,2,60.31,2022-09-23 23:32:38
O00425,C0099,P0047,16,84.86,2021-12-31 06:44:09
O00426,C0072,P0039,19,334.08,2021-11-19 19:37:05
O00427,C0050,P0007,11,35.22,2023-06-02 20:16:15
O00428,C0100,P0023,9,62.43,2020-01-07 02:55:27
O00429,C0026,P0047,1,200.77,2020-09-19 20:04:52
O00430,C0007,P0020,5,481.89,2020-03-14 04:11:51
O00431,C0059,P0033,17,66.98,2020-01-11 01:10:27
O00432,C0083,P0025,8,84.16,2020-06-14 21:55:36
O00433,C0045,P0009,11,321.96,2022-03-13 05:36:30
O00434,C0028,P0049,17,70.79,2020-02-25 22:21:46
O00435,C0005,P0033,2,435.86,2022-08-28 13:55:20
O00436,C0050,P0007,15,207.77,2021-07-14 22:43:53
O00437,C0016,P0019,1,485.14,2023-03-13 09:45:26
O00438,C0035,P0047,2,6.21,2020-06-26 05:00:28
O00439,C0099,P0015,12,259.52,2020-07-18 09:43:19
O00440,C0088,P0027,1,486.42,2021-06-06 08:09:11
O00441,C0089,P0027,10,450.43,2023-12-19 06:44:17
O00442,C0059,P0041,15,435.42,2020-08-30 22:35:46
O00443,C0041,P0025,12,319.45,2020-02-05 23:11:35
O00444,C0003,P0001,5,486.74,2020-02-19 05:39:52
O00445,C0038,P0001,4,56.31,2022-05-13 21:35:20
O00446,C0064,P0042,14,250.13,2020-04-10 05:31:45
O00447,C0098,P0045,2,272.71,2022-05-27 16:33:42
O00448,C0025,P0048,14,164.88,2020-06-11 12:42:08
O00449,C0048,P0010,10,391.68,2020-12-26 10:13:41
O00450,C0041,P0010,8,38.04,2021-07-27 00:47:42
O00451,C0002,P0002,13,486.49,2022-11-09 18:31:22
O00452,C0091,P0025,17,35.58,2023-11-21 20:28:05
O00453,C0006,P0028,1,369.38,2021-05-06 19:16:40
O00454,C0064,P0047,15,55.48,2021-06-15 22:31:06
O00455,C0099,P0008,17,333.82,2022-08-14 17:45:55
O00456,C0013,P0015,14,278.07,2021-01-19 14:49:01
O00457,C0066,P0004,10,450.6,2020-12-20 01:30:49
O00458,C0012,P0027,11,121.0,2022-08-04 18:00:38
O00459,C0085,P0038,14,169.94,2021-03-12 06:20:03
O00460,C0056,P0046,13,263.7,2022-08-19 13:23:57
O00461,C0083,P0002,8,45.17,2023-03-16 17:53:07
O00462,C0023,P0038,1,104.69,2022-01-11 08:29:29
O00463,C0066,P0048,18,453.1,2020-03-07 12:42:24
O00464,C0004,P0036,18,166.62,2022-08-28 11:49:37
O00465,C0044,P0019,14,435.25,2021-04-29 10:37:44
O00466,C0025,P0002,7,315.45,2022-03-21 15:27:51
O00467,C0005,P0023,6,396.3,2020-08-20 18:40:44
O00468,C0100,P0008,6,222.0,2022-12-19 00:54:21
O00469,C0016,P0014,10,356.9,2020-10-02 03:02:37
O00470,C0084,P0023,6,433.34,2020-10-18 06:32:28
O00471,C0049,P0007,3,212.83,2020-10-08 03:12:53
O00472,C0039,P0016,19,48.11,2023-07-22 18:25:43
O00473,C0005,P0022,19,237.34,2020-10-15 09:51:57
O00474,C0068,P0037,14,230.5,2020-08-11 16:25:30
O00475,C0011,P0009,4,473.57,2022-06-18 11:55:43
O00476,C0034,P0021,11,276.67,2022-10-31 20:48:32
O00477,C0057,P0048,10,200.68,2023-02-07 06:59:35
O00478,C0072,P0042,16,190.33,2022-12-02 17:42:14
O00479,C0050,P0007,13,131.01,2020-08-21 19:09:27
O00480,C0057,P0050,14,17.66,2022-01-04 18:46:50
O00481,C0033,P0023,15,391.97,2023-10-10 11:24:17
O00482,C0024,P0028,17,358.16,2020-10-31 23:23:26
O00483,C0052,P0012,2,484.54,2023-05-05 10:37:05
O00484,C0043,P0043,7,434.95,2021-02-04 04:00:18
O00485,C0041,P0042,4,354.72,2021-12-07 23:01:28
O00486,C0076,P0023,19,86.4,2022-07-29 17:31:43
O00487,C0002,P0003,2,55.77,2022-05-27 05:00:19
O00488,C0021,P0021,11,180.67,2021-11-17 03:50:56
O00489,C0062,P0049,15,405.79,2023-01-01 02:35:04
O00490,C0085,P0033,17,297.86,2022-03-24 06:35:44
O00491,C0026,P0021,13,226.6,2023-06-10 13:03:39
O00492,C0083,P0013,19,105.17,2021-06-27 06:30:35
O00493,C0047,P0007,2,346.7,2020-09-07 04:15:25
O00494,C0058,P0013,3,48.01,2022-08-17 07:55:11
O00495,C0003,P0040,19,151.03,2021-04-29 17:27:13
O00496,C0073,P0050,12,415.55,2022-10-11 02:09:01
O00497,C0083,P0040,12,256.28,2020-08-31 10:53:43
O00498,C0083,P0011,17,293.68,2021-10-18 16:20:21
O00499,C0008,P0011,15,298.64,2022-07-14 03:02:40
O00500,C0004,P0003,8,167.59,2020-10-14 19:06:55
O00501,C0073,P0032,15,312.15,2022-04-14 08:08:09
O00502,C0086,P0037,19,47.13,2021-03-07 04:59:55
O00503,C0042,P0010,11,93.82,2022-12-09 04:39:58
O00504,C0010,P0030,3,425.85,2023-11-15 08:21:27
O00505,C0070,P0026,6,174.42,2023-10-04 22:43:59
O00506,C0090,P0008,1,82.22,2022-06-27 13:08:39
O00507,C0083,P0026,7,198.64,2020-05-26 23:43:23
O00508,C0098,P0022,9,297.27,2022-10-28 16:56:06
O00509,C0095,P0035,1,469.34,2020-03-22 21:45:46
O00510,C0076,P0031,2,492.04,2021-01-23 21:44:27
O00511,C0035,P0014,14,276.07,2021-05-25 17:50:51
O00512,C0002,P0003,10,184.59,2020-06-24 01:01:44
O00513,C0050,P0033,1,207.47,2020-01-03 08:30:59
O00514,C0080,P0010,4,255.89,2021-01-25 09:56:52
O00515,C0008,P0045,8,408.72,2020-05-31 07:26:31
O00516,C0045,P0010,15,12.38,2020-10-02 16:28:15
O00517,C0070,P0047,9,427.61,2023-02-08 06:08:14
O00518,C0062,P0020,18,118.63,2022-03-14 07:17:25
O00519,C0068,P0003,15,154.87,2022-11-14 21:43:41
O00520,C0076,P0050,7,56.54,2023-01-09 13:25:31
O00521,C0028,P0049,15,225.81,2021-01-02 04:43:38
O00522,C0036,P0017,15,210.0,2023-09-17 13:29:59
O00523,C0068,P0021,18,486.58,2023-09-06 08:07:30
O00524,C0037,P0033,6,145.53,2022-04-26 21:43:36
O00525,C0003,P0027,4,405.91,2023-08-12 11:34:41
O00526,C0052,P0009,2,260.18,2023-12-23 16:23:05
O00527,C0061,P0047,6,307.13,2021-11-09 21:17:46
O00528,C0010,P0040,15,495.45,2023-03-07 16:38:32
O00529,C0011,P0001,12,457.97,2021-05-24 20:52:09
O00530,C0058,P0008,5,153.68,2020-10-13 08:27:00
O00531,C0021,P0048,9,331.98,2020-01-25 20:01:18
O00532,C0042,P0010,1,450.56,2023-05-14 00:07:49
O00533,C0075,P0026,15,483.01,2022-08-05 02:25:36
O00534,C0031,P0026,9,378.97,2023-04-09 23:56:24
O00535,C0067,P0005,10,47.57,2021-04-23 23:37:20
O00536,C0049,P0028,5,63.99,2023-12-09 09:01:24
O00537,C0037,P0037,5,142.67,2021-11-27 20:00:00
O00538,C0050,P0010,7,412.56,2022-08-01 07:13:00
O00539,C0093,P0025,19,136.88,2022-03-08 13:12:07
O00540,C0020,P0035,12,299.22,2021-06-23 00:45:51
O00541,C0054,P0014,5,96.82,2023-03-30 09:45:50
O00542,C0069,P0046,8,478.11,2023-06-15 21:08:29
O00543,C0045,P0041,13,68.56,2023-11-11 16:44:36
O00544,C0077,P0040,14,418.75,2022-04-06 10:16:08
O00545,C0041,P0015,5,295.85,2021-03-15 22:10:40
O00546,C0032,P0026,9,487.48,2021-02-09 13:05:30
O00547,C0093,P0021,9,307.03,2021-08-14 00:22:05
O00548,C0069,P0019,9,403.56,2022-08-30 08:32:38
O00549,C0053,P0025,8,336.25,2021-03-01 16:11:52
O00550,C0006,P0011,3,408.36,2023-10-01 18:18:12
O00551,C0064,P0012,3,239.77,2021-05-06 10:26:40
O00552,C0019,P0037,8,458.18,2023-12-27 21:59:30
O00553,C0018,P0026,2,311.9,2021-03-04 21:29:38
O00554,C0036,P0013,7,222.35,2021-06-22 09:18:31
O00555,C0087,P0045,4,394.1,2021-11-04 01:44:31
O00556,C0070,P0036,15,6.15,2022-10-20 20:26:00
O00557,C0045,P0018,9,213.13,2022-08-10 23:05:37
O00558,C0013,P0025,15,331.81,2023-04-08 08:01:40
O00559,C0009,P0037,12,269.09,2020-03-26 12:00:28
O00560,C0088,P0010,12,205.06,2021-03-13 17:45:53
O00561,C0096,P0025,18,190.81,2020-03-03 09:43:02
O00562,C0046,P0041,5,405.47,2022-01-16 13:39:26
O00563,C0027,P0017,9,472.54,2022-05-23 16:43:08
O00564,C0022,P0029,16,86.32,2020-02-21 16:25:02
O00565,C0021,P0039,15,179.01,2023-10-17 17:04:04
O00566,C0096,P0003,7,45.29,2022-08-22 09:52:53
O00567,C0038,P0038,13,360.98,2021-05-27 05:02:17
O00568,C0080,P0014,19,110.45,2022-04-04 01:02:44
O00569,C0035,P0006,6,331.15,2020-12-18 12:25:46
O00570,C0006,P0023,18,377.13,2023-10-11 16:23:29
O00571,C0084,P0002,6,283.65,2020-09-12 03:27:12
O00572,C0032,P0024,15,227.9,2022-01-29 09:36:43
O00573,C0090,P0046,12,124.29,2020-07-17 02:15:39
O00574,C0090,P0044,15,94.45,2023-02-25 03:41:34
O00575,C0019,P0029,16,5.37,2022-09-23 18:38:20
O00576,C0077,P0029,7,191.99,2020-03-09 05:39:17
O00577,C0086,P0030,8,449.0,2023-01-03 14:36:24
O00578,C0003,P0027,9,77.4,2021-12-21 12:32:09
O00579,C0065,P0007,15,487.67,2022-12-31 17:06:41
O00580,C0004,P0007,3,180.92,2023-03-10 02:01:47
O00581,C0012,P0031,3,388.82,2020-04-10 19:15:31
O00582,C0027,P0030,11,131.25,2023-02-24 00:18:41
O00583,C0077,P0046,9,89.95,2020-05-04 01:26:35
O00584,C0008,P0018,6,315.05,2022-01-26 01:18:58
O00585,C0003,P0029,13,147.86,2023-04-09 03:10:28
O00586,C0061,P0005,16,498.33,2023-02-21 15:14:34
O00587,C0031,P0036,8,311.79,2020-03-15 13:47:25
O00588,C0095,P0048,10,49.49,2020-09-25 10:54:13
O00589,C0093,P0003,17,157.72,2020-09-22 17:50:46
O00590,C0016,P0006,15,402.84,2023-01-08 20:37:51
O00591,C0083,P0031,14,381.0,2020-01-14 08:42:42
O00592,C0097,P0018,17,222.33,2022-01-19 17:22:07
O00593,C0086,P0021,5,80.08,2020-05-27 08:32:28
O00594,C0055,P0015,14,325.6,2020-10-01 02:50:26
O00595,C0044,P0014,11,436.75,2021-02-26 15:58:28
O00596,C0002,P0044,18,111.58,2022-01-15 05:45:20
O00597,C0094,P0023,3,467.29,2021-12-23 19:31:44
O00598,C0012,P0006,9,270.53,2020-08-06 21:41:10
O00599,C0046,P0004,2,65.66,2020-02-04 11:06:17
O00600,C0013,P0004,9,55.74,2020-06-09 19:26:53
O00601,C0099,P0035,16,304.26,2021-01-30 20:24:38
O00602,C0046,P0014,9,335.56,2023-04-12 08:08:34
O00603,C0054,P0007,16,229.24,2023-04-01 13:10:24
O00604,C0080,P0031,14,499.64,2023-09-12 02:12:51
O00605,C0073,P0008,13,49.8,2020-06-24 23:56:05
O00606,C0033,P0027,7,324.35,2023-05-16 12:04:33
O00607,C0061,P0034,11,370.17,2022-11-11 17:56:45
O00608,C0036,P0005,13,228.17,2022-12-22 06:58:33
O00609,C0058,P0018,13,499.49,2022-05-19 07:34:19
O00610,C0018,P0005,7,225.25,2023-07-03 22:35:06
O00611,C0009,P0043,10,419.84,2023-05-10 22:29:54
O00612,C0062,P0012,18,59.8,2022-04-25 00:01:59
O00613,C0004,P0038,19,498.06,2023-03-10 04:15:50
O00614,C0056,P0046,19,70.4,2020-07-02 18:18:52
O00615,C0100,P0003,16,69.86,2021-01-14 09:55:25
O00616,C0031,P0002,4,45.33,2022-03-07 08:48:17
O00617,C0044,P0012,9,374.1,2023-11-06 08:29:49
O00618,C0075,P0039,11,271.63,2020-05-14 10:36:16
O00619,C0037,P0002,17,20.23,2020-10-14 19:14:08
O00620,C0049,P0049,19,48.28,2020-07-16 17:42:47
O00621,C0086,P0035,11,448.82,2021-08-02 14:02:12
O00622,C0054,P0006,12,372.74,2022-11-30 21:19:12
O00623,C0016,P0037,10,492.09,2022-09-12 01:26:07
O00624,C0042,P0048,18,462.22,2021-09-27 05:17:49
O00625,C0016,P0011,6,67.4,2020-08-11 14:21:17
O00626,C0062,P0012,3,253.71,2021-02-25 22:42:41
O00627,C0029,P0007,14,39.72,2023-09-28 01:50:12
O00628,C0090,P0004,1,238.3,2022-05-16 04:26:19
O00629,C0008,P0026,15,429.04,2022-01-21 14:52:52
O00630,C0080,P0007,4,443.75,2020-05-10 05:14:12
O00631,C0006,P0002,14,456.94,2020-10-14 18:02:53
O00632,C0093,P0019,16,402.55,2022-07-29 11:17:59
O00633,C0021,P0020,9,111.09,2020-01-29 16:08:51
O00634,C0054,P0032,19,481.63,2021-05-16 21:58:33
O00635,C0020,P0008,4,319.06,2022-09-11 19:23:44
O00636,C0089,P0042,9,320.19,2020-02-05 06:48:45
O00637,C0097,P0032,12,384.12,2023-04-25 09:10:41
O00638,C0036,P0041,15,239.12,2023-06-15 00:33:26
O00639,C0069,P0031,15,245.99,2023-09-17 02:17:21
O00640,C0002,P0018,4,448.74,2022-07-28 05:05:21
O00641,C0082,P0002,13,489.2,2023-04-27 04:04:29
O00642,C0077,P0012,6,57.79,2022-02-04 23:02:57
O00643,C0023,P0025,16,180.05,2021-03-01 10:55:36
O00644,C0070,P0023,10,92.37,2021-04-23 03:33:46
O00645,C0090,P0004,10,306.95,2022-03-28 13:44:16
O00646,C0080,P0009,19,99.78,2020-06-08 15:36:05
O00647,C0078,P0047,14,422.31,2023-10-17 01:48:49
O00648,C0083,P0001,17,256.37,2022-08-27 00:12:02
O00649,C0031,P0019,17,142.16,2023-12-21 09:26:53
O00650,C0060,P0001,16,468.95,2022-03-21 08:36:24
O00651,C0080,P0019,2,482.7,2022-10-30 14:47:54
O00652,C0100,P0019,19,36.91,2021-12-04 00:51:39
O00653,C0040,P0047,6,490.61,2023-06-22 12:43:03
O00654,C0054,P0048,12,21.71,2021-02-23 03:27:08
O00655,C0055,P0009,18,53.88,2021-08-04 11:57:28
O00656,C0082,P0044,15,334.72,2022-12-15 04:22:50
O00657,C0042,P0020,8,109.37,2022-10-26 01:51:16
O00658,C0022,P0019,2,212.33,2020-09-29 15:22:10
O00659,C0043,P0018,18,143.74,2022-03-24 01:29:00
O00660,C0085,P0009,12,417.43,2023-11-18 15:27:03
O00661,C0012,P0014,3,157.51,2023-05-31 14:12:21
O00662,C0059,P0020,1,443.66,2021-05-16 13:46:16
O00663,C0053,P0004,1,236.0,2022-12-12 18:24:37
O00664,C0066,P0044,10,423.57,2021-12-02 23:50:53
O00665,C0027,P0029,3,197.71,2023-01-24 00:33:34
O00666,C0027,P0037,6,66.73,2021-07-04 18:46:21
O00667,C0068,P0033,13,169.02,2021-08-03 14:32:21
O00668,C0018,P0049,19,147.23,2022-12-19 05:33:29
O00669,C0045,P0021,8,85.01,2022-01-26 09:16:17
O00670,C0087,P0031,6,28.45,2020-04-20 08:32:07
O00671,C0039,P0045,16,388.31,2020-08-04 23:30:29
O00672,C0094,P0025,17,439.01,2022-03-19 10:21:14
O00673,C0096,P0014,2,257.46,2020-02-12 22:14:34
O00674,C0012,P0045,19,181.63,2021-03-01 21:08:46
O00675,C0068,P0041,12,183.62,2021-04-14 00:37:03
O00676,C0032,P0017,17,83.16,2020-05-08 12:14:33
O00677,C0091,P0003,5,402.39,2020-10-12 23:36:00
O00678,C0001,P0021,8,112.75,2022-11-22 10:52:27
O00679,C0051,P0042,3,161.77,2022-02-01 23:30:36
O00680,C0039,P0025,2,380.18,2023-09-27 06:30:32
O00681,C0024,P0041,13,166.58,2021-11-08 03:55:44
O00682,C0015,P0034,9,275.78,2022-10-14 14:54:28
O00683,C0010,P0010,13,388.11,2022-04-30 21:52:02
O00684,C0080,P0029,1,8.86,2022-01-26 04:52:01
O00685,C0093,P0002,5,393.8,2022-09-17 17:49:52
O00686,C0035,P0042,19,91.0,2020-10-21 20:04:09
O00687,C0001,P0009,14,418.42,2021-08-13 20:02:48
O00688,C0075,P0035,4,374.45,2023-03-08 01:16:47
O00689,C0088,P0027,2,451.42,2020-10-06 18:20:48
O00690,C0029,P0006,13,27.51,2022-04-29 17:45:54
O00691,C0067,P0039,4,351.43,2020-03-20 01:29:41
O00692,C0080,P0009,6,305.79,2023-10-01 06:26:36
O00693,C0013,P0012,5,175.19,2020-05-11 20:21:19
O00694,C0088,P0027,11,484.29,2021-04-06 04:49:32
O00695,C0095,P0025,18,450.74,2020-03-01 09:46:21
O00696,C0060,P0006,13,276.97,2020-11-28 09:23:46
O00697,C0022,P0039,11,335.49,2021-12-03 03:57:19
O00698,C0082,P0016,8,497.76,2020-11-10 04:00:14
O00699,C0075,P0049,6,249.06,2021-06-12 17:50:24
O00700,C0008,P0024,8,441.66,2020-11-02 02:02:47
O00701,C0065,P0004,11,54.48,2021-10-26 16:15:42
O00702,C0021,P0006,5,155.8,2023-03-03 23:53:42
O00703,C0092,P0029,6,174.23,2023-09-11 02:46:01
O00704,C0006,P0048,1,202.26,2022-10-07 09:06:08
O00705,C0027,P0027,3,27.78,2020-07-23 15:39:19
O00706,C0009,P0021,15,386.47,2021-02-12 22:51:08
O00707,C0046,P0015,18,225.09,2021-02-26 02:32:49
O00708,C0043,P0044,6,262.7,2022-03-25 17:12:57
O00709,C0059,P0033,17,55.99,2023-01-26 14:21:30
O00710,C0055,P0030,15,163.51,2023-01-05 19:06:21
O00711,C0094,P0008,17,327.87,2023-12-26 21:37:31
O00712,C0031,P0010,10,459.14,2021-06-07 10:47:29
O00713,C0086,P0003,5,382.82,2020-06-12 12:48:14
O00714,C0099,P0029,10,413.68,2023-11-29 16:48:16
O00715,C0057,P0027,11,251.25,2023-12-24 16:42:41
O00716,C0023,P0004,7,301.58,2020-09-14 22:03:13
O00717,C0076,P0030,16,280.41,2021-11-27 17:09:03
O00718,C0079,P0043,8,256.56,2023-06-15 04:33:31
O00719,C0097,P0039,17,422.6,2022-02-17 23:43:26
O00720,C0083,P0023,18,348.28,2021-01-14 22:19:55
O00721,C0060,P0004,12,79.55,2022-10-04 07:49:12
O00722,C0065,P0025,1,113.4,2020-12-31 04:29:00
O00723,C0035,P0007,3,108.35,2021-03-05 14:51:55
O00724,C0063,P0028,7,342.09,2022-12-14 19:22:10
O00725,C0096,P0046,2,30.23,2023-03-23 10:19:47
O00726,C0027,P0018,10,19.97,2023-03-13 00:19:40
O00727,C0063,P0008,16,457.82,2022-06-13 13:21:34
O00728,C0052,P0022,16,271.94,2022-11-09 23:17:16
O00729,C0010,P0014,4,429.02,2021-03-18 09:22:51
O00730,C0056,P0045,14,268.04,2021-02-18 07:54:15
O00731,C0098,P0028,14,26.44,2023-01-19 07:51:19
O00732,C0048,P0050,11,422.38,2021-09-12 18:13:47
O00733,C0051,P0019,5,86.64,2020-05-04 18:12:15
O00734,C0046,P0046,13,320.86,2022-08-31 09:53:59
O00735,C0043,P0016,15,380.99,2020-08-11 23:38:41
O00736,C0095,P0017,19,305.29,2023-06-03 02:28:14
O00737,C0018,P0031,8,290.51,2023-11-05 10:31:48
O00738,C0029,P0046,8,75.19,2020-04-29 10:05:51
O00739,C0066,P0018,17,275.78,2020-12-18 03:41:48
O00740,C0064,P0032,13,21.06,2023-08-01 20:06:01
O00741,C0038,P0030,5,148.12,2023-06-24 02:54:54
O00742,C0013,P0039,17,24.67,2021-06-06 17:09:37
O00743,C0001,P0011,4,430.94,2021-05-18 15:54:35
O00744,C0001,P0050,2,393.2,2023-04-24 08:19:10
O00745,C0060,P0017,11,116.73,2020-03-11 04:58:10
O00746,C0061,P0015,17,113.97,2022-09-20 15:43:36
O00747,C0009,P0029,17,447.59,2022-05-14 22:00:27
O00748,C0021,P0028,8,168.84,2021-07-21 01:33:23
O00749,C0073,P0019,14,305.88,2023-02-15 22:10:39
O00750,C0042,P0037,12,365.38,2020-06-08 22:08:15
O00751,C0085,P0024,11,189.6,2021-06-06 05:00:48
O00752,C0045,P0044,8,206.2,2021-05-28 09:46:07
O00753,C0002,P0031,16,33.79,2023-01-25 08:33:28
O00754,C0022,P0002,9,201.5,2020-09-17 19:53:19
O00755,C0035,P0027,18,47.49,2021-06-12 20:36:40
O00756,C0007,P0025,7,294.3,2023-03-02 16:55:08
O00757,C0067,P0003,12,412.28,2020-03-02 09:37:17
O00758,C0017,P0007,16,119.1,2020-11-22 11:15:14
O00759,C0074,P0008,5,396.86,2021-03-28 04:53:41
O00760,C0040,P0033,4,192.92,2023-04-14 00:28:02
O00761,C0041,P0032,13,56.55,2021-05-18 13:02:18
O00762,C0005,P0041,15,10.16,2020-11-09 20:04:41
O00763,C0043,P0007,1,155.93,2020-07-04 02:37:39
O00764,C0021,P0036,12,244.17,2023-04-07 04:00:51
O00765,C0068,P0001,12,271.97,2022-01-03 18:28:29
O00766,C0034,P0034,7,418.95,2022-03-17 19:39:51
O00767,C0074,P0011,18,393.5,2021-02-14 00:52:41
O00768,C0021,P0017,12,208.41,2021-11-30 16:29:42
O00769,C0068,P0020,3,268.54,2023-01-27 15:06:57
O00770,C0044,P0007,6,333.29,2021-08-06 05:52:16
O00771,C0079,P0004,13,272.8,2022-11-26 03:52:21
O00772,C0047,P0050,11,490.45,2023-12-18 09:55:58
O00773,C0083,P0005,5,147.05,2020-01-04 02:35:28
O00774,C0055,P0012,14,107.61,2020-02-04 18:03:44
O00775,C0087,P0027,5,359.58,2023-09-02 11:05:06
O00776,C0033,P0049,8,55.07,2022-11-29 06:06:32
O00777,C0033,P0042,12,233.65,2020-05-10 06:18:13
O00778,C0009,P0014,17,73.24,2020-06-14 16:37:28
O00779,C0075,P0008,7,359.01,2021-08-07 11:50:20
O00780,C0053,P0019,13,496.88,2020-09-10 01:55:19
O00781,C0095,P0044,17,381.03,2023-09-05 11:09:22
O00782,C0020,P0033,3,280.41,2021-07-17 13:17:24
O00783,C0070,P0011,13,187.59,2022-09-30 11:21:39
O00784,C0021,P0022,15,39.91,2020-08-21 00:09:25
O00785,C0028,P0014,6,292.38,2023-04-26 13:22:17
O00786,C0072,P0021,14,447.48,2020-04-05 10:09:13
O00787,C0076,P0017,5,148.35,2021-01-14 01:24:12
O00788,C0087,P0016,5,9.8,2022-06-04 10:32:58
O00789,C0069,P0037,7,223.87,2021-06-07 00:15:41
O00790,C0041,P0024,17,86.68,2022-09-02 11:31:52
O00791,C0043,P0010,9,407.65,2023-05-26 03:09:37
O00792,C0076,P0012,13,154.69,2023-04-08 01:43:10
O00793,C0042,P0023,9,138.56,2022-12-12 12:04:40
O00794,C0071,P0004,7,177.75,2023-10-05 05:23:09
O00795,C0079,P0026,8,104.77,2020-04-19 18:37:14
O00796,C0017,P0013,15,376.8,2020-09-03 00:06:37
O00797,C0099,P0004,4,71.33,2021-07-15 14:14:02
O00798,C0009,P0003,16,493.38,2020-06-03 04:51:19
O00799,C0090,P0043,18,448.89,2021-07-05 06:18:10
O00800,C0090,P0029,4,26.82,2022-02-06 21:10:33
O00801,C0057,P0050,11,39.55,2020-01-13 11:16:14
O00802,C0093,P0004,16,17.05,2023-05-13 19:41:07
O00803,C0016,P0003,8,346.58,2021-08-19 05:21:58
O00804,C0094,P0030,18,151.65,2020-08-02 03:06:59
O00805,C0050,P0035,12,335.95,2020-08-07 12:56:14
O00806,C0074,P0037,17,334.63,2022-08-22 19:18:04
O00807,C0009,P0024,3,175.05,2021-07-29 04:59:50
O00808,C0026,P0006,4,126.98,2021-12-05 21:28:30
O00809,C0017,P0003,11,92.27,2022-05-29 00:49:03
O00810,C0005,P0034,15,260.75,2021-10-22 12:15:05
O00811,C0097,P0006,11,186.75,2021-12-11 17:20:56
O00812,C0038,P0029,12,193.52,2021-04-28 05:02:04
O00813,C0094,P0003,15,42.42,2023-03-07 12:20:15
O00814,C0090,P0009,9,286.65,2020-06-19 03:36:09
O00815,C0067,P0036,8,46.85,2021-06-06 20:20:42
O00816,C0043,P0029,6,157.58,2020-05-08 02:29:17
O00817,C0093,P0044,7,5.99,2022-03-03 13:35:20
O00818,C0072,P0008,7,489.85,2020-12-17 00:30:29
O00819,C0029,P0017,18,190.83,2021-09-18 19:00:33
O00820,C0078,P0023,14,375.04,2022-09-07 09:43:22
O00821,C0068,P0010,14,427.78,2021-03-28 04:17:59
O00822,C0046,P0035,16,465.72,2023-09-22 21:57:55
O00823,C0084,P0011,2,473.54,2023-10-16 13:29:20
O00824,C0094,P0017,13,131.69,2023-07-27 17:39:54
O00825,C0040,P0037,12,163.81,2021-11-14 23:51:33
O00826,C0026,P0025,18,490.37,2022-04-27 21:17:45
O00827,C0082,P0044,5,291.7,2023-01-16 21:08:42
O00828,C0006,P0023,2,357.97,2022-01-24 11:57:04
O00829,C0022,P0044,5,473.04,2023-12-22 18:21:13
O00830,C0063,P0042,14,36.3,2022-07-04 22:32:12
O00831,C0094,P0012,2,431.13,2020-09-23 22:43:39
O00832,C0011,P0042,11,392.37,2022-07-10 00:03:48
O00833,C0020,P0016,13,26.64,2021-01-09 07:16:45
O00834,C0022,P0026,5,356.68,2023-07-24 20:18:33
O00835,C0078,P0008,1,125.04,2022-01-09 17:28:14
O00836,C0059,P0015,2,452.39,2020-09-25 14:08:59
O00837,C0040,P0012,15,477.71,2021-03-13 22:41:47
O00838,C0019,P0018,4,364.85,2020-06-17 22:04:41
O00839,C0058,P0006,19,400.82,2021-11-15 16:35:17
O00840,C0090,P0028,5,343.16,2020-01-08 01:06:27
O00841,C0058,P0048,7,325.81,2021-06-29 07:36:34
O00842,C0003,P0013,1,148.44,2022-12-30 17:21:16
O00843,C0074,P0028,2,129.14,2022-10-30 14:15:29
O00844,C0093,P0004,16,154.15,2021-08-08 21:54:36
O00845,C0076,P0032,6,398.25,2020-05-13 19:52:54
O00846,C0039,P0019,17,191.99,2020-12-26 00:18:20
O00847,C0012,P0002,15,387.65,2021-01-13 09:12:18
O00848,C0047,P0037,1,312.51,2023-10-19 20:05:01
O00849,C0056,P0011,3,94.05,2022-12-04 11:41:52
O00850,C0015,P0037,12,288.8,2021-10-17 14:21:35
O00851,C0064,P0027,3,258.98,2020-02-23 22:35:33
O00852,C0073,P0004,13,9.76,2020-09-29 18:12:18
O00853,C0022,P0001,8,51.11,2021-07-12 14:29:27
O00854,C0045,P0016,1,329.22,2021-09-26 23:41:08
O00855,C0042,P0008,3,280.97,2023-02-06 12:41:23
O00856,C0066,P0045,18,276.47,2020-02-20 04:26:30
O00857,C0093,P0018,5,402.69,2023-08-01 09:12:22
O00858,C0076,P0030,6,18.86,2021-10-16 12:42:20
O00859,C0058,P0047,18,235.51,2020-11-05 21:40:39
O00860,C0024,P0038,19,268.4,2020-04-09 02:55:21
O00861,C0050,P0020,4,355.47,2022-08-18 18:43:26
O00862,C0016,P0042,17,229.34,2023-12-02 11:37:06
O00863,C0034,P0026,7,182.57,2022-08-27 11:57:19
O00864,C0086,P0045,18,225.67,2023-01-13 20:40:02
O00865,C0051,P0013,3,309.26,2021-09-30 16:48:13
O00866,C0018,P0010,17,9.86,2020-02-15 23:46:03
O00867,C0095,P0005,3,175.05,2020-06-21 15:46:07
O00868,C0046,P0039,13,230.57,2023-01-21 04:54:56
O00869,C0045,P0025,9,108.43,2021-03-05 02:53:21
O00870,C0087,P0005,4,199.56,2021-02-10 16:34:46
O00871,C0059,P0021,7,441.58,2022-10-26 06:57:39
O00872,C0089,P0049,15,486.33,2021-08-31 18:40:31
O00873,C0030,P0023,3,433.07,2023-12-23 10:31:51
O00874,C0041,P0028,11,118.5,2021-09-16 03:45:36
O00875,C0098,P0006,10,175.1,2023-03-06 07:30:12
O00876,C0096,P0002,11,171.88,2021-06-05 08:06:54
O00877,C0072,P0030,13,430.46,2023-12-08 15:55:56
O00878,C0091,P0040,19,410.66,2021-04-21 11:24:05
O00879,C0085,P0028,17,434.88,2022-04-13 08:18:01
O00880,C0029,P0015,3,177.94,2023-08-05 17:19:52
O00881,C0074,P0019,10,164.26,2022-11-16 15:22:24
O00882,C0070,P0004,1,59.07,2020-09-22 09:11:54
O00883,C0083,P0013,14,283.3,2021-09-17 00:45:43
O00884,C0033,P0049,9,181.41,2023-04-14 22:47:20
O00885,C0062,P0045,2,11.75,2020-09-17 16:44:31
O00886,C0083,P0028,1,412.81,2020-10-24 01:43:47
O00887,C0022,P0018,7,187.48,2020-01-26 19:26:23
O00888,C0010,P0023,17,278.1,2022-08-20 11:32:08
O00889,C0025,P0018,14,183.62,2020-01-02 08:49:40
O00890,C0036,P0014,18,121.89,2023-11-18 08:47:34
O00891,C0085,P0003,5,342.58,2022-01-09 09:09:10
O00892,C0003,P0009,2,100.83,2023-12-19 20:24:29
O00893,C0083,P0036,17,329.22,2023-08-22 00:50:16
O00894,C0094,P0044,1,212.03,2022-10-16 08:33:05
O00895,C0090,P0015,6,299.06,2021-06-25 17:11:15
O00896,C0072,P0024,18,387.27,2021-04-16 17:09:02
O00897,C0067,P0020,11,132.66,2020-06-25 22:17:06
O00898,C0035,P0041,2,260.32,2021-10-30 00:52:12
O00899,C0036,P0026,2,110.28,2022-11-26 21:32:04
O00900,C0017,P0027,12,236.95,2022-12-23 18:25:16
O00901,C0062,P0025,13,30.49,2022-05-09 04:05:19
O00902,C0037,P0041,1,176.92,2021-05-22 10:18:58
O00903,C0082,P0046,19,61.69,2023-08-21 10:06:35
O00904,C0005,P0011,4,161.81,2020-06-13 21:41:15
O00905,C0011,P0040,19,170.25,2020-08-16 06:48:23
O00906,C0059,P0011,2,364.86,2021-09-19 21:35:45
O00907,C0040,P0002,6,106.84,2021-05-03 10:05:12
O00908,C0042,P0037,10,262.96,2022-05-31 00:29:57
O00909,C0021,P0032,19,120.25,2023-12-24 22:33:44
O00910,C0036,P0005,3,180.47,2020-05-23 19:51:13
O00911,C0091,P0036,7,494.91,2022-09-12 19:51:38
O00912,C0056,P0004,10,417.2,2022-09-08 17:53:25
O00913,C0098,P0011,12,324.19,2023-10-28 09:42:32
O00914,C0082,P0030,13,133.61,2021-01-17 12:21:59
O00915,C0049,P0046,11,131.06,2023-03-19 14:12:42
O00916,C0066,P0024,14,194.35,2021-06-27 01:12:41
O00917,C0026,P0025,14,169.28,2021-12-09 08:11:07
O00918,C0003,P0003,12,49.43,2020-09-05 06:39:36
O00919,C0090,P0015,10,142.22,2021-10-13 06:18:23
O00920,C0018,P0026,5,393.95,2023-04-02 13:18:35
O00921,C0031,P0037,6,414.19,2023-06-17 16:35:03
O00922,C0014,P0037,6,37.13,2021-03-03 13:28:11
O00923,C0079,P0039,19,262.13,2021-07-05 03:15:12
O00924,C0025,P0044,5,294.44,2021-04-11 05:50:08
O00925,C0080,P0043,13,59.41,2020-07-29 23:11:30
O00926,C0092,P0026,4,28.42,2021-02-24 17:58:05
O00927,C0073,P0025,11,298.82,2020-02-17 15:53:45
O00928,C0076,P0027,15,303.73,2023-08-09 23:09:36
O00929,C0094,P0043,10,29.68,2020-07-14 09:35:34
O00930,C0046,P0045,15,70.26,2023-10-27 19:07:32
O00931,C0044,P0033,13,100.38,2021-08-09 05:09:51
O00932,C0086,P0008,13,386.95,2020-03-11 10:43:38
O00933,C0064,P0049,9,383.0,2023-12-22 13:12:48
O00934,C0066,P0033,3,450.95,2021-05-28 06:12:07
O00935,C0078,P0009,19,449.6,2021-02-25 17:34:28
O00936,C0064,P0043,8,370.78,2022-01-12 23:51:28
O00937,C0029,P0008,4,384.68,2020-05-18 05:17:03
O00938,C0004,P0040,13,321.95,2023-07-29 16:21:24
O00939,C0050,P0020,1,307.36,2020-03-10 16:11:36
O00940,C0045,P0020,9,160.48,2021-06-13 20:08:28
O00941,C0028,P0041,3,122.49,2022-10-19 04:43:56
O00942,C0018,P0039,14,460.12,2021-07-25 21:03:24
O00943,C0047,P0046,11,442.81,2021-07-29 16:46:44
O00944,C0093,P0030,9,220.27,2023-02-24 18:34:51
O00945,C0082,P0019,15,22.77,2023-04-05 14:11:36
O00946,C0011,P0043,11,99.91,2020-03-11 05:26:39
O00947,C0006,P0042,5,365.16,2023-08-22 03:46:54
O00948,C0098,P0003,17,268.73,2020-01-17 02:33:16
O00949,C0005,P0030,8,495.93,2023-06-02 07:42:51
O00950,C0080,P0002,7,390.89,2021-06-12 14:38:26
O00951,C0016,P0010,5,268.41,2021-11-28 19:35:47
O00952,C0090,P0015,7,268.14,2020-06-07 19:19:21
O00953,C0041,P0033,7,434.54,2021-10-11 10:16:14
O00954,C0051,P0017,17,402.3,2021-02-04 17:35:30
O00955,C0009,P0037,4,124.83,2020-11-10 16:34:01
O00956,C0007,P0025,9,450.76,2023-08-17 12:20:36
O00957,C0028,P0032,14,49.91,2023-11-05 17:58:41
O00958,C0024,P0010,10,204.94,2021-05-11 19:25:41
O00959,C0078,P0009,9,229.69,2023-05-10 00:57:38
O00960,C0062,P0042,10,469.77,2022-08-14 12:16:17
O00961,C0038,P0026,1,24.71,2021-03-16 22:27:10
O00962,C0008,P0002,5,78.18,2022-07-12 18:59:06
O00963,C0016,P0030,1,320.45,2020-10-05 05:27:06
O00964,C0039,P0044,8,98.79,2021-06-07 11:51:43
O00965,C0002,P0044,1,363.5,2021-12-19 23:08:21
O00966,C0002,P0012,11,482.6,2023-02-10 10:05:26
O00967,C0077,P0023,15,306.37,2022-08-12 13:28:53
O00968,C0052,P0026,5,119.57,2020-05-03 22:45:03
O00969,C0059,P0001,17,475.09,2020-09-16 22:09:15
O00970,C0061,P0022,7,272.94,2022-07-07 17:24:00
O00971,C0098,P0032,6,363.86,2022-04-09 16:14:07
O00972,C0053,P0044,6,325.85,2021-03-16 13:43:29
O00973,C0068,P0021,11,267.21,2021-10-12 12:16:19
O00974,C0023,P0041,4,412.33,2022-06-03 17:14:28
O00975,C0006,P0034,8,452.48,2022-05-08 22:32:55
O00976,C0016,P0005,16,286.97,2020-08-29 08:57:23
O00977,C0075,P0044,13,143.8,2020-07-19 04:42:39
O00978,C0076,P0004,8,183.34,2023-03-11 09:00:09
O00979,C0034,P0041,6,428.71,2020-08-19 20:27:14
O00980,C0070,P0043,7,299.55,2022-07-15 13:14:01
O00981,C0026,P0011,13,123.14,2020-02-22 07:56:36
O00982,C0060,P0035,10,29.62,2022-10-09 18:18:25
O00983,C0081,P0031,7,159.56,2023-07-24 03:44:17
O00984,C0005,P0007,16,44.22,2020-01-31 18:31:55
O00985,C0067,P0011,2,228.2,2020-09-06 23:14:33
O00986,C0053,P0020,3,260.1,2020-12-26 01:09:48
O00987,C0083,P0013,2,227.16,2020-01-20 00:52:43
O00988,C0084,P0020,7,364.31,2023-03-31 01:14:32
O00989,C0048,P0035,14,45.26,2020-01-16 16:24:42
O00990,C0033,P0041,11,74.58,2022-10-19 17:23:44
O00991,C0006,P0050,3,95.15,2021-06-03 22:10:43
O00992,C0004,P0001,1,328.75,2023-03-06 20:35:46
O00993,C0064,P0041,1,322.11,2023-07-12 04:01:33
O00994,C0017,P0032,12,161.08,2021-11-18 20:20:03
O00995,C0044,P0009,15,321.15,2020-01-03 10:12:13
O00996,C0027,P0016,14,212.62,2020-02-18 06:40:25
O00997,C0056,P0038,18,147.44,2021-12-06 08:46:33
O00998,C0045,P0014,12,223.43,2023-07-09 21:57:03
O00999,C0093,P0041,16,72.84,2021-03-14 02:27:11
O01000,C0099,P0044,19,357.92,2020-01-09 03:37:08
